device,GPU use (%)
card0,0
card1,0
card2,0
card3,0

device,GPU use (%)
card0,0
card1,0
card2,0
card3,12

device,GPU use (%)
card0,0
card1,0
card2,0
card3,33

device,GPU use (%)
card0,0
card1,0
card2,0
card3,28

device,GPU use (%)
card0,0
card1,0
card2,0
card3,9

device,GPU use (%)
card0,0
card1,0
card2,0
card3,11

device,GPU use (%)
card0,0
card1,0
card2,0
card3,9

device,GPU use (%)
card0,0
card1,0
card2,0
card3,9

device,GPU use (%)
card0,0
card1,0
card2,0
card3,18

device,GPU use (%)
card0,0
card1,0
card2,15
card3,4

device,GPU use (%)
card0,0
card1,0
card2,23
card3,4

device,GPU use (%)
card0,0
card1,0
card2,14
card3,3

device,GPU use (%)
card0,0
card1,0
card2,13
card3,3

device,GPU use (%)
card0,0
card1,0
card2,43
card3,7

device,GPU use (%)
card0,0
card1,20
card2,12
card3,4

device,GPU use (%)
card0,0
card1,21
card2,4
card3,3

device,GPU use (%)
card0,0
card1,41
card2,5
card3,4

device,GPU use (%)
card0,9
card1,3
card2,3
card3,3

device,GPU use (%)
card0,30
card1,4
card2,3
card3,4

device,GPU use (%)
card0,13
card1,3
card2,3
card3,3

device,GPU use (%)
card0,16
card1,4
card2,3
card3,3

device,GPU use (%)
card0,12
card1,3
card2,3
card3,3

device,GPU use (%)
card0,30
card1,5
card2,5
card3,5

device,GPU use (%)
card0,25
card1,5
card2,5
card3,6

device,GPU use (%)
card0,3
card1,3
card2,3
card3,4

device,GPU use (%)
card0,4
card1,4
card2,4
card3,17

device,GPU use (%)
card0,5
card1,5
card2,5
card3,9

device,GPU use (%)
card0,5
card1,5
card2,5
card3,7

device,GPU use (%)
card0,5
card1,5
card2,5
card3,7

device,GPU use (%)
card0,5
card1,5
card2,5
card3,7

device,GPU use (%)
card0,5
card1,5
card2,5
card3,7

device,GPU use (%)
card0,5
card1,4
card2,5
card3,5

device,GPU use (%)
card0,5
card1,5
card2,5
card3,8

device,GPU use (%)
card0,5
card1,6
card2,5
card3,5

device,GPU use (%)
card0,5
card1,5
card2,5
card3,8

device,GPU use (%)
card0,5
card1,5
card2,5
card3,5

device,GPU use (%)
card0,5
card1,5
card2,5
card3,8

device,GPU use (%)
card0,5
card1,5
card2,5
card3,7

device,GPU use (%)
card0,5
card1,5
card2,5
card3,6

device,GPU use (%)
card0,5
card1,5
card2,5
card3,8

device,GPU use (%)
card0,4
card1,5
card2,5
card3,5

device,GPU use (%)
card0,5
card1,5
card2,5
card3,8

device,GPU use (%)
card0,5
card1,5
card2,5
card3,10

device,GPU use (%)
card0,5
card1,5
card2,5
card3,8

device,GPU use (%)
card0,5
card1,5
card2,5
card3,8

device,GPU use (%)
card0,5
card1,5
card2,5
card3,9

device,GPU use (%)
card0,5
card1,5
card2,5
card3,9

device,GPU use (%)
card0,5
card1,5
card2,5
card3,8

device,GPU use (%)
card0,5
card1,5
card2,5
card3,8

device,GPU use (%)
card0,5
card1,5
card2,5
card3,5

device,GPU use (%)
card0,11
card1,13
card2,13
card3,19

device,GPU use (%)
card0,21
card1,20
card2,22
card3,17

device,GPU use (%)
card0,99
card1,99
card2,98
card3,98

device,GPU use (%)
card0,100
card1,100
card2,100
card3,100

device,GPU use (%)
card0,100
card1,100
card2,100
card3,100

device,GPU use (%)
card0,100
card1,99
card2,99
card3,100

device,GPU use (%)
card0,100
card1,100
card2,100
card3,100

device,GPU use (%)
card0,100
card1,100
card2,100
card3,100

device,GPU use (%)
card0,100
card1,100
card2,100
card3,100

device,GPU use (%)
card0,100
card1,100
card2,100
card3,100

device,GPU use (%)
card0,99
card1,100
card2,100
card3,100

device,GPU use (%)
card0,100
card1,100
card2,100
card3,100

device,GPU use (%)
card0,100
card1,99
card2,100
card3,100

device,GPU use (%)
card0,100
card1,100
card2,100
card3,100

device,GPU use (%)
card0,100
card1,100
card2,100
card3,100

device,GPU use (%)
card0,100
card1,100
card2,100
card3,100

device,GPU use (%)
card0,100
card1,100
card2,100
card3,100

device,GPU use (%)
card0,100
card1,100
card2,100
card3,100

device,GPU use (%)
card0,100
card1,100
card2,100
card3,100

device,GPU use (%)
card0,100
card1,100
card2,100
card3,100

device,GPU use (%)
card0,100
card1,100
card2,100
card3,100

device,GPU use (%)
card0,100
card1,100
card2,100
card3,100

device,GPU use (%)
card0,100
card1,100
card2,100
card3,100

device,GPU use (%)
card0,100
card1,100
card2,100
card3,100

device,GPU use (%)
card0,100
card1,100
card2,100
card3,100

device,GPU use (%)
card0,100
card1,100
card2,100
card3,100

device,GPU use (%)
card0,99
card1,99
card2,100
card3,100

device,GPU use (%)
card0,100
card1,100
card2,100
card3,100

device,GPU use (%)
card0,100
card1,100
card2,100
card3,100

device,GPU use (%)
card0,100
card1,100
card2,100
card3,100

device,GPU use (%)
card0,100
card1,100
card2,100
card3,100

device,GPU use (%)
card0,100
card1,100
card2,100
card3,100

device,GPU use (%)
card0,100
card1,100
card2,100
card3,100

device,GPU use (%)
card0,100
card1,100
card2,100
card3,100

device,GPU use (%)
card0,100
card1,100
card2,100
card3,100

device,GPU use (%)
card0,100
card1,100
card2,100
card3,100

device,GPU use (%)
card0,100
card1,99
card2,100
card3,100

device,GPU use (%)
card0,100
card1,100
card2,100
card3,100

device,GPU use (%)
card0,100
card1,100
card2,100
card3,100

device,GPU use (%)
card0,100
card1,100
card2,100
card3,100

device,GPU use (%)
card0,100
card1,100
card2,100
card3,100

device,GPU use (%)
card0,100
card1,100
card2,100
card3,100

device,GPU use (%)
card0,100
card1,100
card2,100
card3,100

device,GPU use (%)
card0,100
card1,99
card2,100
card3,100

device,GPU use (%)
card0,28
card1,28
card2,27
card3,28

device,GPU use (%)
card0,10
card1,10
card2,10
card3,10

device,GPU use (%)
card0,3
card1,3
card2,3
card3,3

device,GPU use (%)
card0,4
card1,4
card2,4
card3,9

